employee_id,service_id
47d02d8a-7026-4c27-a70f-788f88c38d57,00544396-2ffe-4c74-a82c-60aa30bb6b5a
cf5b1cdd-4382-46a8-b203-c24d2f186842,0299fddd-4aa1-4bb5-8ed4-7f6728b10c91
dc2aca45-7956-4c5a-9ae3-0cfc1b6211eb,0299fddd-4aa1-4bb5-8ed4-7f6728b10c91
f802df4d-4fe6-4d3c-9c01-3ce7a32c9fb7,0299fddd-4aa1-4bb5-8ed4-7f6728b10c91
299af541-96a6-41ad-8723-8e2f15644887,05ef4ed7-425e-498c-8cfb-3c037827aff9
2a908e25-d1d8-4afb-8bb7-702bc18dc7fc,05ef4ed7-425e-498c-8cfb-3c037827aff9
b4a8c744-bcf2-47c6-b110-b3175d4378d3,05ef4ed7-425e-498c-8cfb-3c037827aff9
cc4d385d-180d-4330-9665-170a4fea882e,05ef4ed7-425e-498c-8cfb-3c037827aff9
f6968c9a-033c-41c1-89d9-69bd6e03427e,05f25540-3aa2-4c73-beaa-9a6684024e04
d580c986-d000-4e12-810d-b7e45accaf43,0826691a-db37-4b00-ac13-d57cbd17a9bd
227a1c52-e2a5-4187-a581-a640a2e9b112,0a3507e2-3a7c-47e2-8dab-99164e3f833a
208e72e2-973d-4d1b-b85d-06f8f1ed3bf2,0d1b4175-2904-4f54-9cc7-66252f0bf063
35600477-2245-4a9b-b30e-80a95b6e97bc,0d1b4175-2904-4f54-9cc7-66252f0bf063
e2cd7a44-a81d-4765-9536-2223ff22830f,0d214fbd-1345-46f6-af02-f065331783fd
227a1c52-e2a5-4187-a581-a640a2e9b112,0e41a9a3-437e-425e-a959-5fdd6cc2d6b4
6a5478d8-e022-48c9-8a46-1d55dee8dac5,0e41a9a3-437e-425e-a959-5fdd6cc2d6b4
8bcd1a97-6927-425c-a938-fbe43b4acdbb,0e41a9a3-437e-425e-a959-5fdd6cc2d6b4
dc6bbdfb-4147-4ed6-9067-8f1ced55814e,0e41a9a3-437e-425e-a959-5fdd6cc2d6b4
e2cd7a44-a81d-4765-9536-2223ff22830f,0e41a9a3-437e-425e-a959-5fdd6cc2d6b4
8bcd1a97-6927-425c-a938-fbe43b4acdbb,0e93ec82-e32b-49c3-93eb-5b6236c6a0e1
87abc19f-6c25-4022-a833-a132b505e4d6,0ef42cdd-5b0b-40fe-86b8-b739923c5f6f
28e0e31f-2634-4d96-a016-7485cc25af21,10e6d57e-636b-41ea-b7e9-e93649c23edc
b7bfaf6c-dec1-4fae-9041-c6c6692454c6,10e6d57e-636b-41ea-b7e9-e93649c23edc
64357c9d-741d-4688-a5fb-eec813c1c5c0,126fa040-84fd-4bbd-af6f-97a0ed07b5e1
d4297096-e245-450c-b40a-4236b795bb9f,126fa040-84fd-4bbd-af6f-97a0ed07b5e1
a868b790-1fe2-4f3e-80ef-21cd6a6c3593,14d9d297-893a-4fa0-b283-7d7fe1766b5f
a868b790-1fe2-4f3e-80ef-21cd6a6c3593,1549d813-f1fd-4144-979f-fa6d69310738
83f43ba2-6e2d-46d8-a79e-5babc9709567,18b1bc8e-f7d2-4df3-ac29-a5db15a885ef
62534bd8-8b2a-4a7a-a4f3-2a58e8736253,208573d3-7be7-4e38-947d-bef537dca8e3
18a0dec7-ada7-4c41-b651-f18389abe972,211c386b-e52b-48ed-b509-4edff70687df
f802df4d-4fe6-4d3c-9c01-3ce7a32c9fb7,2176508b-08af-4661-8be9-0e257ab4bd86
3e699031-7667-4c81-a034-83d491cce895,2186285d-9cd6-4776-99c3-28f63ab50b34
cec98f8b-7bd7-4c97-ad50-e07fc17f19b1,2186285d-9cd6-4776-99c3-28f63ab50b34
64357c9d-741d-4688-a5fb-eec813c1c5c0,21b68989-538c-4688-9a0a-8a3c12ec6c22
831af255-426d-4466-b98f-2cbe5727206f,21b68989-538c-4688-9a0a-8a3c12ec6c22
6719b5e1-601b-4c7d-bf36-e1fef806e671,237e2da8-7a86-4613-b64f-ed88f119cee4
30e7beef-a996-42a9-ba3b-452c07857a06,26bf461e-8f70-4307-bb09-e67d651e9b1e
52cfe870-6b29-4f2c-8492-e307e3971552,26bf461e-8f70-4307-bb09-e67d651e9b1e
620b5a67-2ebb-41a2-b4da-a7bcaa75a9c7,26bf461e-8f70-4307-bb09-e67d651e9b1e
68f2fd6f-f33b-47e2-8df1-c946d9198096,26bf461e-8f70-4307-bb09-e67d651e9b1e
f802df4d-4fe6-4d3c-9c01-3ce7a32c9fb7,26bf461e-8f70-4307-bb09-e67d651e9b1e
47581f78-cb55-406e-836a-eecc62c4a733,28930d9c-a246-4ad8-afd9-37692228d3e3
3351fa9c-593e-4be3-8724-e07f86e5f892,2fb2d722-30d7-4127-9f1f-d2d37229c913
b1a56ab6-ef4c-4a94-b661-9cc80aa461ed,2fb2d722-30d7-4127-9f1f-d2d37229c913
b2d759e9-9a83-49a7-aa36-dadf6edef81b,2fb2d722-30d7-4127-9f1f-d2d37229c913
49fc3119-fcf6-4fbf-8c9d-436f420de1aa,31bf0b8c-3db8-469e-acde-d78646e4d522
555d494b-e67f-4c47-8dae-b5a56755c2dc,32f644ce-bdef-4ad8-9857-aab1927b07f7
2c4da456-a311-4947-bba9-fed8103be6fc,34ec355f-e884-44a2-945a-7126598214a9
44b58cd1-6296-4853-8659-0ec20dc89e30,34ec355f-e884-44a2-945a-7126598214a9
d2cc86f3-6cf3-4190-908d-cf1a0cf8c9fb,34ec355f-e884-44a2-945a-7126598214a9
0427c912-06e2-4f30-a7ed-0266adad0664,3b189a96-dd6a-474b-b945-bd84b72b6140
6a5478d8-e022-48c9-8a46-1d55dee8dac5,3b189a96-dd6a-474b-b945-bd84b72b6140
88cd8301-6760-43ff-b774-ffcf9887d5d2,410768c1-d2d3-4cf7-8864-13a1e6370543
7e140ae5-f93e-4d9e-950e-4ace73826784,46ba881c-1ac5-4e3e-abe9-e07647c48ff8
24f68ccb-6c73-403d-8e86-3fe589fb22c8,4826973b-c3c5-4e90-bfe1-b73f6f38f9f5
0e8182e3-f787-48be-83b6-9b3762edb509,495af309-9905-4b17-b240-0799d8f979dc
c120d79f-bb90-4a08-a3ba-53ef780afbeb,495af309-9905-4b17-b240-0799d8f979dc
c76b77f7-1036-4199-a025-a4edbd0d05bf,495af309-9905-4b17-b240-0799d8f979dc
4923eb76-9c00-432f-9024-f67bce471b3a,4a4e1670-9cad-4dc0-a2bd-9e4221fa2a8d
00db8bc3-4ef4-4a51-9efd-ac5251b6e9c7,4a990a74-801e-43f3-9f47-b5387027233b
133ef936-dcf0-4316-87d8-9623b52fabbd,4c6baf23-7624-4d36-bc7a-ceef94e9c8c2
247c25ac-84c7-445a-80be-d88b6f072c59,4c6baf23-7624-4d36-bc7a-ceef94e9c8c2
65292284-6585-4420-ad49-fefc0e98f5df,4c6baf23-7624-4d36-bc7a-ceef94e9c8c2
9a47a202-78f4-4812-af5d-66fc38f95daa,4c91d6a7-7a0b-4d89-a5ec-1155c0d87c5b
cc4d385d-180d-4330-9665-170a4fea882e,4c91d6a7-7a0b-4d89-a5ec-1155c0d87c5b
7c9e8a81-f132-433c-8ee6-3a03ddd8f779,4cdabf38-1986-4a94-af67-1639377712ad
d7670514-f16b-4943-b22e-0da69e69306c,4e5bf684-17df-4a2c-be2a-605a8193f135
2a2e5aaf-aff5-45ec-ac0a-5de9e49ae1a0,4f0b7eb4-4cd9-4cfa-bde8-3b983760ba86
f0f69b74-e2f0-437c-985d-ef8333674fcc,4f0b7eb4-4cd9-4cfa-bde8-3b983760ba86
65d767f9-960e-4faa-b00e-efbd7745adf0,50804a60-e2bf-4a6a-8f7c-5088c96b9359
0e8182e3-f787-48be-83b6-9b3762edb509,50f58d2c-78ff-4bef-bc1c-264f5defad51
2a908e25-d1d8-4afb-8bb7-702bc18dc7fc,50f58d2c-78ff-4bef-bc1c-264f5defad51
3846fc7d-3b32-467e-b767-38dd37eec12c,541b4dc1-0ea5-4eb0-a94d-32db5f68914d
d7670514-f16b-4943-b22e-0da69e69306c,541b4dc1-0ea5-4eb0-a94d-32db5f68914d
d580c986-d000-4e12-810d-b7e45accaf43,57d5c38f-c7e1-4f3f-acd4-3adf73c1c84b
3a212a57-905a-40f5-923f-d816c2afaaac,5f855a7d-b5ea-43bb-80b4-1e91000e81a8
c6eeb13e-3370-42e2-8a6a-3aef57281403,5f855a7d-b5ea-43bb-80b4-1e91000e81a8
ebdeb503-d04e-4323-9920-3267e224c5cb,5f855a7d-b5ea-43bb-80b4-1e91000e81a8
1fa6736a-6bf8-449f-9793-96cdaea8b271,6370cf54-eb99-4814-9086-b6c424091933
a86151c8-4a90-4686-b304-7197e3b95c24,654e1018-8a47-4721-ab0f-c84322b51da3
0427c912-06e2-4f30-a7ed-0266adad0664,6b839c6e-b5e6-4a60-bb4b-e9a5778fb825
65292284-6585-4420-ad49-fefc0e98f5df,6b839c6e-b5e6-4a60-bb4b-e9a5778fb825
f802df4d-4fe6-4d3c-9c01-3ce7a32c9fb7,6c43fe9f-d01e-4725-89b5-aedf90365375
28794050-d79c-48f6-bd66-8b17290ba2c4,6f249659-1c38-45dd-b72f-c1a8f25a072b
451a70df-11e5-4642-804d-e2056c17bc09,6f7590a5-16ee-4ace-b65a-2933ec629a0a
0e8182e3-f787-48be-83b6-9b3762edb509,72c87d5a-a403-4dd7-af71-a8f1ab621d37
967aaa43-fcff-4072-8e04-0d7d860751e4,742f5448-6eb6-497d-917b-4c25e7bb6f68
0fe5f37b-413c-4e27-880d-88406217b0cd,74f85f4e-6c94-4c35-b020-a78d5fd0bccb
2c4da456-a311-4947-bba9-fed8103be6fc,74f85f4e-6c94-4c35-b020-a78d5fd0bccb
cc4d385d-180d-4330-9665-170a4fea882e,74f85f4e-6c94-4c35-b020-a78d5fd0bccb
4923eb76-9c00-432f-9024-f67bce471b3a,753c024d-640e-412c-a9d9-18cd4f2fb811
ae957de3-c36e-4a27-8937-41554601820a,75cd69fe-6515-4f0a-919c-e180a6096d55
227a1c52-e2a5-4187-a581-a640a2e9b112,76deb943-63a9-4c05-89e1-fc42775e39f9
c7e84e56-dd28-4cd2-b536-e6cb8c927851,76deb943-63a9-4c05-89e1-fc42775e39f9
f63cf7c6-ab19-4d84-9ec8-ba1c0b788343,76deb943-63a9-4c05-89e1-fc42775e39f9
1a2eab62-cde8-4b90-ae3b-cf2b7847e257,77297542-6df3-4fc0-9463-8ac4722b3e6d
4923eb76-9c00-432f-9024-f67bce471b3a,77297542-6df3-4fc0-9463-8ac4722b3e6d
b1c8422c-7a03-46b4-8843-b11e01140dae,77297542-6df3-4fc0-9463-8ac4722b3e6d
c2a3c584-7952-4739-b983-554c7b856626,781854c7-0a93-4b91-8f32-e11f2621f32f
1fb060a8-8fb5-4155-bd74-0635fc93e9aa,7b8650d4-e5fb-4ed2-8511-d766dae620cc
d927bc3a-5e2d-4c76-9b28-8bf597ba4ce8,802a73df-ee67-499a-b47c-a92087b449a4
06d7b554-de85-4706-9228-6561ec420095,810ccd79-fc49-4e8e-bed7-157cf0e9b6a9
b2d759e9-9a83-49a7-aa36-dadf6edef81b,810ccd79-fc49-4e8e-bed7-157cf0e9b6a9
f6968c9a-033c-41c1-89d9-69bd6e03427e,82392b1e-cf8b-4333-9f77-b05f7f12e720
1a2eab62-cde8-4b90-ae3b-cf2b7847e257,82f1ab98-d54d-4b45-9bb3-78888a07e0a3
831af255-426d-4466-b98f-2cbe5727206f,82f1ab98-d54d-4b45-9bb3-78888a07e0a3
7f8c39a3-f2f6-4904-b1e1-c63cc0923a5d,83662d73-ccc1-4e71-860c-58ec319f4608
87e21f59-cea3-410f-9b7c-4dc8a5c3cc8c,83662d73-ccc1-4e71-860c-58ec319f4608
d4297096-e245-450c-b40a-4236b795bb9f,83662d73-ccc1-4e71-860c-58ec319f4608
2a2e5aaf-aff5-45ec-ac0a-5de9e49ae1a0,83a161ed-a47d-4d2c-af8e-36ec5af79857
f802df4d-4fe6-4d3c-9c01-3ce7a32c9fb7,83a161ed-a47d-4d2c-af8e-36ec5af79857
6a5478d8-e022-48c9-8a46-1d55dee8dac5,8493255a-9f0e-4cc3-8217-8115628656fc
8769a706-366a-4426-a431-a8ea989e8121,86dd0710-1584-4e75-bce4-39584791218a
75da0811-4fd3-4206-8160-2abe564a3f33,8e84f7f0-07df-4276-9d8a-2193d3216b4a
1294adf5-245c-46fe-8622-82e13ffde43c,8f624f8b-0383-481f-9b5f-9e942e05f5be
47d02d8a-7026-4c27-a70f-788f88c38d57,90e713c0-5df2-4fb7-82d9-3e183e948174
2b88944f-0936-4d73-8e20-5163d17e374d,91fac762-b611-422a-b690-22f539f35171
93fb0889-0428-4063-97af-91219696cd92,91fac762-b611-422a-b690-22f539f35171
66017bf5-c8b0-4969-9227-a4d6c2c1fc41,921d7f9c-b0f3-490a-a0db-6ed882058ab5
158074f4-96b7-4b90-a1fb-fe1c7f6a10ba,9412c518-b61e-4110-98c4-bfe9115fe53e
4fb9a0cc-16d9-4b7d-8ffe-6a17d6547c8f,9412c518-b61e-4110-98c4-bfe9115fe53e
bed1160b-ac47-42ae-953a-df1a47897c8e,97f49cd9-ff4b-4765-8c72-b7e200e7100d
8d9c087c-8720-4187-9cba-1a2d41998554,98d43587-0d54-479f-83c7-99da882d233a
d927bc3a-5e2d-4c76-9b28-8bf597ba4ce8,98d43587-0d54-479f-83c7-99da882d233a
0e8182e3-f787-48be-83b6-9b3762edb509,9aa5f276-9544-4c6d-9c36-7d1004121270
14e38400-cf84-407f-b75b-92ea6e41ef36,9aa5f276-9544-4c6d-9c36-7d1004121270
18a0dec7-ada7-4c41-b651-f18389abe972,a0d4b135-1dbd-432c-9051-01f01ad7faac
66017bf5-c8b0-4969-9227-a4d6c2c1fc41,a0d4b135-1dbd-432c-9051-01f01ad7faac
f802df4d-4fe6-4d3c-9c01-3ce7a32c9fb7,a0d7fb6b-2800-4f00-ad19-b578d61058aa
0d9ac6ac-ee92-4290-b457-979be448cd48,a5a1dc88-561e-465c-84f6-da283c65f6ef
2a2e5aaf-aff5-45ec-ac0a-5de9e49ae1a0,a5a1dc88-561e-465c-84f6-da283c65f6ef
47d02d8a-7026-4c27-a70f-788f88c38d57,a66f750c-5131-43ed-b805-e02aefd53d07
a868b790-1fe2-4f3e-80ef-21cd6a6c3593,a66f750c-5131-43ed-b805-e02aefd53d07
c120d79f-bb90-4a08-a3ba-53ef780afbeb,a8a47651-542a-4ee0-8796-e466761b419d
dc6bbdfb-4147-4ed6-9067-8f1ced55814e,a8a47651-542a-4ee0-8796-e466761b419d
247c25ac-84c7-445a-80be-d88b6f072c59,ae6299e7-9594-4060-86cb-7f471e3810cf
66017bf5-c8b0-4969-9227-a4d6c2c1fc41,af62af62-65c2-4764-9e43-7f5e44c42e68
8769a706-366a-4426-a431-a8ea989e8121,af62af62-65c2-4764-9e43-7f5e44c42e68
9313ff99-3380-44b2-b8bd-3f0041665e8d,b18b99f2-81ac-4ec9-aa90-471ad20c6aeb
d5aaa39a-72b6-4b87-8d7e-09df313de88a,b33dc0fd-cd8d-4c0c-b5c7-45cc2d930947
1fb060a8-8fb5-4155-bd74-0635fc93e9aa,b72b8801-0692-425e-bdb9-04250f8b64f1
b6eaccba-0cae-4676-a56e-11b582ccccb8,b72b8801-0692-425e-bdb9-04250f8b64f1
781026a0-27e1-46c3-af01-ac5884f05726,b8af9b9d-5ed8-4884-9edb-606858046ff9
e64095fc-e0a1-4fe8-aab3-c44ee9269d82,b8af9b9d-5ed8-4884-9edb-606858046ff9
0427c912-06e2-4f30-a7ed-0266adad0664,bebcc69e-765f-43fc-acf9-32b1333689f9
7040fc46-57ea-4df7-8c08-51c99b8f5358,bebcc69e-765f-43fc-acf9-32b1333689f9
967aaa43-fcff-4072-8e04-0d7d860751e4,bebcc69e-765f-43fc-acf9-32b1333689f9
1eb32e43-c367-40e8-a3a0-3b67426b685f,bfcf67a1-1066-449a-84d4-0750e4ab31c3
33626574-0250-42fd-b189-7075e9ae7be0,bfcf67a1-1066-449a-84d4-0750e4ab31c3
2a2e5aaf-aff5-45ec-ac0a-5de9e49ae1a0,c1dc34c2-cd56-41e4-ac75-21b56230359c
33626574-0250-42fd-b189-7075e9ae7be0,c1dc34c2-cd56-41e4-ac75-21b56230359c
7e140ae5-f93e-4d9e-950e-4ace73826784,c1eea5c2-d271-4aab-a3fe-908fa7fc94b3
f63cf7c6-ab19-4d84-9ec8-ba1c0b788343,c1eea5c2-d271-4aab-a3fe-908fa7fc94b3
451a70df-11e5-4642-804d-e2056c17bc09,c713f350-be4c-457e-b4ce-224158363954
65d767f9-960e-4faa-b00e-efbd7745adf0,c732a58b-c41b-4ab6-a131-d6608c2ff62b
e64095fc-e0a1-4fe8-aab3-c44ee9269d82,c83833f9-1ef7-4a0a-9e77-b7cf71f3ddf0
47d02d8a-7026-4c27-a70f-788f88c38d57,c83d5a32-80e3-476c-9b42-afa08c962929
2a908e25-d1d8-4afb-8bb7-702bc18dc7fc,cb16a44d-2937-41ca-af71-c16acc5ca332
35600477-2245-4a9b-b30e-80a95b6e97bc,cbc7fb9f-ca8e-4103-aed4-707fde9d0cd6
c120d79f-bb90-4a08-a3ba-53ef780afbeb,cbc7fb9f-ca8e-4103-aed4-707fde9d0cd6
620b5a67-2ebb-41a2-b4da-a7bcaa75a9c7,cc57e50b-ba86-45ac-a865-20eea128c4ac
c7e84e56-dd28-4cd2-b536-e6cb8c927851,cc57e50b-ba86-45ac-a865-20eea128c4ac
dc6bbdfb-4147-4ed6-9067-8f1ced55814e,cc57e50b-ba86-45ac-a865-20eea128c4ac
6bbf894b-396c-476c-8313-4ab3b24c80cc,cd31d768-9fed-4088-8c2a-b22902abf0e8
f0f0d709-5d4a-4f16-9682-4093265810b0,cd31d768-9fed-4088-8c2a-b22902abf0e8
60e39804-2789-4771-abd3-43e861ef226e,cdf85cab-f9e1-47c4-8311-5399b34aa01a
732cb71f-c003-48bf-bb1f-e76ba7a52914,cdf85cab-f9e1-47c4-8311-5399b34aa01a
16d4d311-f8b9-4038-ba4a-e828c6aca0ca,cf319a77-6c14-40cb-8f93-de272cc7936b
47581f78-cb55-406e-836a-eecc62c4a733,cf319a77-6c14-40cb-8f93-de272cc7936b
c76b77f7-1036-4199-a025-a4edbd0d05bf,cf319a77-6c14-40cb-8f93-de272cc7936b
0fe5f37b-413c-4e27-880d-88406217b0cd,d4b6c6e1-6e34-4475-bd8e-a9190cd66d29
ebdeb503-d04e-4323-9920-3267e224c5cb,d4b6c6e1-6e34-4475-bd8e-a9190cd66d29
9313ff99-3380-44b2-b8bd-3f0041665e8d,d4ef8389-951d-4c34-b823-e628e710a823
0cee5601-f5e1-4c87-9cba-a737bfd0e6c8,d57ab2c9-1f6f-48f2-8d9a-9b4281560149
6719b5e1-601b-4c7d-bf36-e1fef806e671,d7393010-0eb4-455f-a7bd-34661490e3a4
4923eb76-9c00-432f-9024-f67bce471b3a,d853289f-4996-400a-aa2d-0dd3378b24d9
52cfe870-6b29-4f2c-8492-e307e3971552,d853289f-4996-400a-aa2d-0dd3378b24d9
9ceee6b7-3132-4f92-96a0-6c6297a0e0ca,d853289f-4996-400a-aa2d-0dd3378b24d9
401f86ec-52c3-4dcf-959b-e493fadc7334,d8813284-2ca0-40c7-9968-b5ff198b95dc
87abc19f-6c25-4022-a833-a132b505e4d6,da8cf4de-e95a-43d0-9e16-c386d94ff3bc
9a47a202-78f4-4812-af5d-66fc38f95daa,da8cf4de-e95a-43d0-9e16-c386d94ff3bc
0427c912-06e2-4f30-a7ed-0266adad0664,dc62e069-8c81-44eb-9e51-cb364c8fb9f5
c7c64d01-0616-40bd-98fb-a53023143208,de7f2ffc-b5c8-4259-abb9-0b8d3bdf475e
28794050-d79c-48f6-bd66-8b17290ba2c4,ded73895-f94c-4c88-992f-a816df6deffc
10e4cf7e-0a36-4b6c-9f18-7efcca6205be,e4dbcc02-cfb8-4274-8e4f-cd22acccd1b3
967aaa43-fcff-4072-8e04-0d7d860751e4,e8f0365d-1c5e-4996-ac03-7e5edddba967
f2d1fa83-e304-4db7-ac4f-40f548221055,e8f0365d-1c5e-4996-ac03-7e5edddba967
967e76c1-f8ad-4a52-9dd8-ca7819f6cfa4,e9ad7202-c75b-40ac-9f10-3f441feba765
cec98f8b-7bd7-4c97-ad50-e07fc17f19b1,f193b3cd-79ae-42b7-92da-d6ae7f1c6216
1294adf5-245c-46fe-8622-82e13ffde43c,f1dbf87d-a6cc-4352-847a-ecf7f218a5f1
fd6fd920-9f94-47aa-b90c-8004301d5c29,f1dbf87d-a6cc-4352-847a-ecf7f218a5f1
33b4eeaa-b500-4f78-8623-94be2a39fb51,f5f73d2a-0e2b-4e88-b1c6-250bd5cbabac
9ceee6b7-3132-4f92-96a0-6c6297a0e0ca,f5f73d2a-0e2b-4e88-b1c6-250bd5cbabac
451a70df-11e5-4642-804d-e2056c17bc09,f67dc3e9-2c5f-4db6-99ae-34da0802cbfe
68b9a109-0a1a-4427-88c1-2ef267640820,f71a9590-f64b-44f7-ab5c-ee316dfef1a3
d2cc86f3-6cf3-4190-908d-cf1a0cf8c9fb,f71a9590-f64b-44f7-ab5c-ee316dfef1a3
7f8c39a3-f2f6-4904-b1e1-c63cc0923a5d,f728c207-7c94-46ea-876c-a337b666226a
06d7b554-de85-4706-9228-6561ec420095,f897c44c-ac0c-4fbb-bec0-593007674df5
b6eaccba-0cae-4676-a56e-11b582ccccb8,fbab5a2f-ed90-48df-99b6-268ce1bd6225
a86151c8-4a90-4686-b304-7197e3b95c24,fc4e6198-8698-4d63-b5e3-035ef07ea9da
