service_id,product_id
0a3507e2-3a7c-47e2-8dab-99164e3f833a,0be7ec46-8908-4ade-8088-0eb7c8da7ccf
d8813284-2ca0-40c7-9968-b5ff198b95dc,0be7ec46-8908-4ade-8088-0eb7c8da7ccf
fb44f69a-6371-4e40-b4da-4be87bce594e,0be7ec46-8908-4ade-8088-0eb7c8da7ccf
63182178-ed80-4d13-874e-16dc78a44473,0f881bce-1475-4a15-99fe-85b8cf55079c
63182178-ed80-4d13-874e-16dc78a44473,114f2b97-da0a-40bb-abc9-e66ed7e9894f
3c6b2b10-2f9c-4c0f-b856-cd0a47230e59,145c9ed3-8c9c-4128-9ae0-934937c6dcb9
9412c518-b61e-4110-98c4-bfe9115fe53e,145c9ed3-8c9c-4128-9ae0-934937c6dcb9
95842880-4f7b-404d-9782-40d106ba5c91,17285d36-1d45-4608-a8ae-b3d3878df7a2
c83d5a32-80e3-476c-9b42-afa08c962929,202a8535-af67-4dca-8c77-502b7c7a8047
a797c845-ca2b-4ede-8762-25dbbd266645,2151903e-3d4f-4af2-98cf-77ef6b2451a1
c1dc34c2-cd56-41e4-ac75-21b56230359c,2151903e-3d4f-4af2-98cf-77ef6b2451a1
cc57e50b-ba86-45ac-a865-20eea128c4ac,22c00b2a-5b45-498e-a5a5-1ae4f4790239
d57ab2c9-1f6f-48f2-8d9a-9b4281560149,22c00b2a-5b45-498e-a5a5-1ae4f4790239
d9cfe3f3-0bce-4d78-b046-aa03d8832d83,22c00b2a-5b45-498e-a5a5-1ae4f4790239
50f58d2c-78ff-4bef-bc1c-264f5defad51,246225ab-c143-4852-88c5-906d022e11d8
5b11f339-c3b4-4b13-8aee-a165d22bc140,249fbe72-9611-456d-8cb7-581501c36202
28930d9c-a246-4ad8-afd9-37692228d3e3,24b4233d-45e4-4078-8d5a-c98ed07b6f38
6ffab0a6-e4c1-4273-8bcc-48b3a1450713,24b4233d-45e4-4078-8d5a-c98ed07b6f38
aef105f0-a041-437f-8647-1cade8dd24ec,24b4233d-45e4-4078-8d5a-c98ed07b6f38
da8cf4de-e95a-43d0-9e16-c386d94ff3bc,24b4233d-45e4-4078-8d5a-c98ed07b6f38
b5048cc7-0aaf-4af6-bba2-f08514213987,2af47f24-f194-42ce-9bdd-e33ff1ff8450
44cd0a7e-8e4b-40b3-a889-5f8cfed3a4f9,2cfa591c-9833-4b9b-ac0c-e0e19a07857f
742f5448-6eb6-497d-917b-4c25e7bb6f68,2f192925-f105-4b3c-8057-fffb1218721e
5896fe9b-6b95-43a8-b044-2de8c666c7c7,30e2e767-a26b-47dc-b26f-7fa673888fd9
0d1b4175-2904-4f54-9cc7-66252f0bf063,3297d419-9de1-4c82-9f55-628fd6efce7f
b33dc0fd-cd8d-4c0c-b5c7-45cc2d930947,333807a1-a6df-45ec-a67d-08bf9d5ba08f
ae6299e7-9594-4060-86cb-7f471e3810cf,35f82fdf-7ac4-4f23-ac09-1649ac0e43e6
77297542-6df3-4fc0-9463-8ac4722b3e6d,3885d667-d360-4edf-8c2f-0637c3d37bf0
dc62e069-8c81-44eb-9e51-cb364c8fb9f5,388d6265-0c9d-45d8-bbc1-70fc17eeb539
87f591e3-cba6-4d80-b371-5fef93f3248b,388e6545-3ea0-43f3-a183-e1fe6db83334
97f49cd9-ff4b-4765-8c72-b7e200e7100d,388e6545-3ea0-43f3-a183-e1fe6db83334
22d29b63-f3f3-4105-bcc9-9cad291c18e6,397d8547-6704-4091-a958-3928c0f1ef21
30b32fc4-e966-429e-a865-fb76dea140bf,397d8547-6704-4091-a958-3928c0f1ef21
921d7f9c-b0f3-490a-a0db-6ed882058ab5,397d8547-6704-4091-a958-3928c0f1ef21
44cd0a7e-8e4b-40b3-a889-5f8cfed3a4f9,3b9d6aaf-3506-4f38-8915-1feb0e089c2f
f35b75d1-1ef2-42e4-bfcc-a1150bcd4fd5,3f9e6111-af76-4520-9d25-4e22f7c1d5d0
4a4e1670-9cad-4dc0-a2bd-9e4221fa2a8d,41986f90-8525-4232-90d1-f2aa2a0bb4fa
5823477f-4d25-4380-9709-465201533f4f,41986f90-8525-4232-90d1-f2aa2a0bb4fa
01937461-2dc1-469f-b4d2-34b26d110aae,43a2923b-b2c4-4ae6-a4b0-9ac42d9659b4
3e88c645-9131-4d77-b44d-4ae5977e1a22,43a2923b-b2c4-4ae6-a4b0-9ac42d9659b4
af62af62-65c2-4764-9e43-7f5e44c42e68,43a2923b-b2c4-4ae6-a4b0-9ac42d9659b4
d4ef8389-951d-4c34-b823-e628e710a823,43a2923b-b2c4-4ae6-a4b0-9ac42d9659b4
7565afcb-547d-404d-983d-e0c67c66aef0,491ed41b-5fe3-407d-9f9d-0ee4b4eb3d34
ca617fc2-5a99-44f0-a1f2-c470506cc4d5,499a2f60-28e5-4142-960a-c5a866630d0b
3b189a96-dd6a-474b-b945-bd84b72b6140,4b1fc9ab-0123-451b-9644-dc94a55d49ff
481fdef8-d3ed-44f0-b785-c1d14fedb51f,4b1fc9ab-0123-451b-9644-dc94a55d49ff
a0d7fb6b-2800-4f00-ad19-b578d61058aa,4c22d4e1-6bec-4b70-90bd-69714e2fcb4b
0d1b4175-2904-4f54-9cc7-66252f0bf063,51fd50ec-e8ef-4a9a-a3eb-aff26848358e
2186285d-9cd6-4776-99c3-28f63ab50b34,51fd50ec-e8ef-4a9a-a3eb-aff26848358e
d4ef8389-951d-4c34-b823-e628e710a823,51fd50ec-e8ef-4a9a-a3eb-aff26848358e
8493255a-9f0e-4cc3-8217-8115628656fc,525d7e6c-bf1d-4bb9-8e33-8a3eda32e149
4c442b88-2851-4e9f-8aac-b37d5759f32e,53755570-4551-4aa6-8df3-9a13fbd3e118
bfcf67a1-1066-449a-84d4-0750e4ab31c3,53996f2a-2582-477c-a6c4-74321a395c38
72c87d5a-a403-4dd7-af71-a8f1ab621d37,55eecd7a-34d2-47e0-b3c8-d3f5aa79393a
bebcc69e-765f-43fc-acf9-32b1333689f9,578fd19f-2b2d-4818-bbc4-9d3f5bff0d82
63182178-ed80-4d13-874e-16dc78a44473,59bdb3c3-6adc-4f6a-971a-75d80dc52dfc
ca617fc2-5a99-44f0-a1f2-c470506cc4d5,5b57afbe-2424-4578-b035-c482f23ceeb6
e9ad7202-c75b-40ac-9f10-3f441feba765,5b57afbe-2424-4578-b035-c482f23ceeb6
1572b70a-43a2-4afe-8365-3bc33053cd6a,5b7a2529-3833-49b2-ab63-19558da18c8a
31bf0b8c-3db8-469e-acde-d78646e4d522,5b7a2529-3833-49b2-ab63-19558da18c8a
6fab5a47-b490-4da1-8f48-92d6cb1d89c4,5b7a2529-3833-49b2-ab63-19558da18c8a
edc32221-f3b1-480f-8177-99819ab9b27c,5cfc80e7-2fa7-4252-b9c3-416367d4e2b4
d4ef8389-951d-4c34-b823-e628e710a823,604bfdee-8679-4053-8dd3-6407621c7e94
8e84f7f0-07df-4276-9d8a-2193d3216b4a,6499ffa6-1fdd-4d6d-bf16-81cfe17336f9
5896fe9b-6b95-43a8-b044-2de8c666c7c7,65dc782e-a89a-4aa8-b91b-b7ab72fb0dab
9aa5f276-9544-4c6d-9c36-7d1004121270,65dc782e-a89a-4aa8-b91b-b7ab72fb0dab
e167de95-f66a-41c3-ac30-63ce3f056014,661c78e6-706b-4f55-8fb9-c4a414f12ec3
9aa5f276-9544-4c6d-9c36-7d1004121270,679de7c9-c906-4665-bc87-11012479389f
14611ceb-801c-4ec0-b34a-a93029c9e820,6921bb08-69cc-4394-bf7e-7062a245af03
126fa040-84fd-4bbd-af6f-97a0ed07b5e1,6abe140c-d1e2-46ac-8f7b-fffac609a3f5
40c1c058-0d53-4b0a-852f-a80bdfb4dde8,6abe140c-d1e2-46ac-8f7b-fffac609a3f5
50f58d2c-78ff-4bef-bc1c-264f5defad51,6bb0f283-9358-40c0-81de-9ae2b69c2709
60798723-953e-4a5c-adc1-165e04f30dcd,6bb0f283-9358-40c0-81de-9ae2b69c2709
30b32fc4-e966-429e-a865-fb76dea140bf,6c1123ec-02e0-47b2-8970-e46ac288fb1a
8f624f8b-0383-481f-9b5f-9e942e05f5be,6c1123ec-02e0-47b2-8970-e46ac288fb1a
60469fe8-a40a-4aac-b444-e596293d3f65,701d6d96-12ec-48c4-a93c-82cd6242c01e
87ba51fd-a62b-4200-b30b-bda7edeb1c22,701d6d96-12ec-48c4-a93c-82cd6242c01e
25d75cd0-e0ab-48da-946b-a97b51ab7ea0,727e5607-70ad-432f-b254-da41e81278df
ca617fc2-5a99-44f0-a1f2-c470506cc4d5,727e5607-70ad-432f-b254-da41e81278df
90e713c0-5df2-4fb7-82d9-3e183e948174,73491289-74b4-469d-ac43-0a75215da592
f412121f-359c-4065-a251-1f3b1710173c,73491289-74b4-469d-ac43-0a75215da592
0299fddd-4aa1-4bb5-8ed4-7f6728b10c91,76b28c63-610d-462b-9f07-0f02e457e190
3b34ce80-47de-4396-8cc0-d62775b4131c,7704c268-8b24-4e4a-8332-5a88f637eb3e
cbc7fb9f-ca8e-4103-aed4-707fde9d0cd6,7704c268-8b24-4e4a-8332-5a88f637eb3e
802a73df-ee67-499a-b47c-a92087b449a4,7917fb45-1e14-4845-b7ec-ff4437967ee0
cdf85cab-f9e1-47c4-8311-5399b34aa01a,7917fb45-1e14-4845-b7ec-ff4437967ee0
4e5bf684-17df-4a2c-be2a-605a8193f135,79da9a49-f8bc-4679-8b7b-d56505363386
208573d3-7be7-4e38-947d-bef537dca8e3,7b4acfaa-3cfb-49db-b224-6df601dde078
6f7590a5-16ee-4ace-b65a-2933ec629a0a,7b4acfaa-3cfb-49db-b224-6df601dde078
7565afcb-547d-404d-983d-e0c67c66aef0,7b4acfaa-3cfb-49db-b224-6df601dde078
481fdef8-d3ed-44f0-b785-c1d14fedb51f,7cb90329-ff91-4da0-82da-d4015d047c68
6b839c6e-b5e6-4a60-bb4b-e9a5778fb825,7cb90329-ff91-4da0-82da-d4015d047c68
74f85f4e-6c94-4c35-b020-a78d5fd0bccb,7cb90329-ff91-4da0-82da-d4015d047c68
0a3507e2-3a7c-47e2-8dab-99164e3f833a,7ed045a7-bb73-45f6-96ee-000dc6950c79
c732a58b-c41b-4ab6-a131-d6608c2ff62b,7ed045a7-bb73-45f6-96ee-000dc6950c79
6fab5a47-b490-4da1-8f48-92d6cb1d89c4,7fda5c7c-1e82-47bc-b46b-e2e5176e7387
8da39913-ab27-4030-823c-c02fa3842404,7fda5c7c-1e82-47bc-b46b-e2e5176e7387
8f624f8b-0383-481f-9b5f-9e942e05f5be,7fda5c7c-1e82-47bc-b46b-e2e5176e7387
10e6d57e-636b-41ea-b7e9-e93649c23edc,84785838-d7b1-41c8-933f-0fd7bceef51a
c41eb8b6-2365-49b9-be79-89481cf53616,84785838-d7b1-41c8-933f-0fd7bceef51a
14611ceb-801c-4ec0-b34a-a93029c9e820,850944da-7a93-48a1-aac7-c6f47ff8a135
5823477f-4d25-4380-9709-465201533f4f,850944da-7a93-48a1-aac7-c6f47ff8a135
91d56ce4-f0e3-47aa-810f-48e5794d8f75,8512e187-e241-47cd-886a-a99374c6ccfc
9cf0df92-9664-4aba-b1a3-50f3464ced91,8512e187-e241-47cd-886a-a99374c6ccfc
7565afcb-547d-404d-983d-e0c67c66aef0,86dbcde5-12d9-4cbd-9684-6a42d0e40fc4
f412121f-359c-4065-a251-1f3b1710173c,86dbcde5-12d9-4cbd-9684-6a42d0e40fc4
7565afcb-547d-404d-983d-e0c67c66aef0,878eb02f-76bd-4fe4-b5d6-b0f0b8c316a7
8da39913-ab27-4030-823c-c02fa3842404,878eb02f-76bd-4fe4-b5d6-b0f0b8c316a7
cbc7fb9f-ca8e-4103-aed4-707fde9d0cd6,878eb02f-76bd-4fe4-b5d6-b0f0b8c316a7
76deb943-63a9-4c05-89e1-fc42775e39f9,88f9f6ec-4925-4fa2-9af9-e52d0d927d15
01937461-2dc1-469f-b4d2-34b26d110aae,88ff2fe8-3901-49a3-b7c1-0bd21ced75cc
0d1b4175-2904-4f54-9cc7-66252f0bf063,8a3ff2d3-20e9-4aa9-b260-e63c39c3e915
01937461-2dc1-469f-b4d2-34b26d110aae,8d3b366a-417b-4e99-8fdb-6d81dab59c14
654e1018-8a47-4721-ab0f-c84322b51da3,8e7922bb-4753-4833-8d11-073a716796fa
68814a46-f2c7-40fd-b28e-c5f5decd0fdf,8e7922bb-4753-4833-8d11-073a716796fa
87f591e3-cba6-4d80-b371-5fef93f3248b,8e7922bb-4753-4833-8d11-073a716796fa
d3a06df3-6aae-4f8b-88fe-ea08c85ca209,8e7922bb-4753-4833-8d11-073a716796fa
28930d9c-a246-4ad8-afd9-37692228d3e3,8edb8775-1011-479b-8ab9-08d7559c05e0
4e5bf684-17df-4a2c-be2a-605a8193f135,8edb8775-1011-479b-8ab9-08d7559c05e0
4c442b88-2851-4e9f-8aac-b37d5759f32e,8eddf342-4b4f-4a91-98ea-ce023068adc1
753c024d-640e-412c-a9d9-18cd4f2fb811,90e64b81-2ccc-4104-bf1c-54c1cf2f287b
22d29b63-f3f3-4105-bcc9-9cad291c18e6,9176daaf-55ea-4ee0-9425-26b5be7fa6c5
5823477f-4d25-4380-9709-465201533f4f,9176daaf-55ea-4ee0-9425-26b5be7fa6c5
46ba881c-1ac5-4e3e-abe9-e07647c48ff8,938ef323-9f82-44a0-bfa5-3522a82b1b88
5b11f339-c3b4-4b13-8aee-a165d22bc140,9560bc90-89a0-4f88-a572-c66c071b9f62
77297542-6df3-4fc0-9463-8ac4722b3e6d,96ebd304-fa64-41a8-8f7b-3e066cda1e32
c6cb0553-7320-4b64-9d7f-e9381773d15b,98244a13-95ca-49fb-b31f-5ef2427c14e4
86dd0710-1584-4e75-bce4-39584791218a,9bf6555e-79ed-4cd2-b242-3b588ed7f879
af62af62-65c2-4764-9e43-7f5e44c42e68,9bf6555e-79ed-4cd2-b242-3b588ed7f879
14d9d297-893a-4fa0-b283-7d7fe1766b5f,9cd3e595-a7c9-40f0-a255-ae9ddd76b506
3c6b2b10-2f9c-4c0f-b856-cd0a47230e59,9cd3e595-a7c9-40f0-a255-ae9ddd76b506
d9cfe3f3-0bce-4d78-b046-aa03d8832d83,9cdaa45b-1e36-4115-8d87-f04f26cdb3bc
32c72778-ee9c-47b6-8a15-d9bd93095ee5,9fe804fe-c758-4868-9c4c-041e2cd948c7
4cdabf38-1986-4a94-af67-1639377712ad,a43e2963-5605-4916-9b28-77d876afac70
82392b1e-cf8b-4333-9f77-b05f7f12e720,a47dec39-1175-49ab-ac23-94a9e067018a
63182178-ed80-4d13-874e-16dc78a44473,a5f04ace-529f-4769-97e2-d733becca35f
d3a06df3-6aae-4f8b-88fe-ea08c85ca209,a5f04ace-529f-4769-97e2-d733becca35f
d55bbc21-1161-44cb-bca2-fdc65edddce2,a652d061-0f2a-4ac0-a1b0-a694342ba8c9
da8cf4de-e95a-43d0-9e16-c386d94ff3bc,a85cda3d-921c-4563-a417-4c76e4e47639
edc32221-f3b1-480f-8177-99819ab9b27c,ab2f8e07-d436-4f27-9030-e354379fb913
f5f73d2a-0e2b-4e88-b1c6-250bd5cbabac,ae5e97ee-b4dd-4754-9deb-7627f66cef28
32f644ce-bdef-4ad8-9857-aab1927b07f7,aea8df90-7045-4cf1-9f8a-80d2a64c12f2
bebcc69e-765f-43fc-acf9-32b1333689f9,aea8df90-7045-4cf1-9f8a-80d2a64c12f2
1549d813-f1fd-4144-979f-fa6d69310738,aef9d838-63b4-443a-bf24-f3c73c17afdd
6370cf54-eb99-4814-9086-b6c424091933,aef9d838-63b4-443a-bf24-f3c73c17afdd
a8a47651-542a-4ee0-8796-e466761b419d,b261e07e-6ca4-4f20-8a84-bb78255ec0b4
0299fddd-4aa1-4bb5-8ed4-7f6728b10c91,b51146f4-a9bc-47cf-ae49-bb19723fd7b4
f728c207-7c94-46ea-876c-a337b666226a,b5780c30-f3d2-4593-a623-6d4a96b2168c
0a3507e2-3a7c-47e2-8dab-99164e3f833a,b5d15440-3e8e-41cf-85c2-8dd517bad827
941ece82-dd06-4f8a-a2b1-e1142ae9ab6a,b5d15440-3e8e-41cf-85c2-8dd517bad827
f67dc3e9-2c5f-4db6-99ae-34da0802cbfe,b6adfaea-395b-4a55-ace4-141e7effadef
50804a60-e2bf-4a6a-8f7c-5088c96b9359,b708dd75-2e6b-4497-a12d-aa9be8500cf6
8493255a-9f0e-4cc3-8217-8115628656fc,b708dd75-2e6b-4497-a12d-aa9be8500cf6
8da39913-ab27-4030-823c-c02fa3842404,b708dd75-2e6b-4497-a12d-aa9be8500cf6
15ddab68-33a2-435f-9e12-0bf847ea2205,bb323734-5cce-4ed1-807c-d4af7723efda
481fdef8-d3ed-44f0-b785-c1d14fedb51f,bb323734-5cce-4ed1-807c-d4af7723efda
b4567e70-934e-40c8-8961-d217dbda6962,bb323734-5cce-4ed1-807c-d4af7723efda
cdf85cab-f9e1-47c4-8311-5399b34aa01a,bdf287b5-9d0a-47e6-afdc-b8c6f3b05c2b
a797c845-ca2b-4ede-8762-25dbbd266645,be565d3b-e0f9-4847-b3a3-dfb6de207636
f71a9590-f64b-44f7-ab5c-ee316dfef1a3,be565d3b-e0f9-4847-b3a3-dfb6de207636
14611ceb-801c-4ec0-b34a-a93029c9e820,bed36665-7aad-458d-8b1c-a4d3fe194e8b
04193cf9-8e4a-4444-b118-8fce408d2951,c090130e-dbe8-4d06-94c0-67aabbaa2ae8
72c87d5a-a403-4dd7-af71-a8f1ab621d37,c090130e-dbe8-4d06-94c0-67aabbaa2ae8
46ba881c-1ac5-4e3e-abe9-e07647c48ff8,c0bfe374-1937-4905-b516-f752eaf418c0
67c1aeff-2799-47bc-bd45-5a03537be8e8,c63c296a-baa6-41ae-9472-b767f9e59252
fb44f69a-6371-4e40-b4da-4be87bce594e,c63c296a-baa6-41ae-9472-b767f9e59252
14d9d297-893a-4fa0-b283-7d7fe1766b5f,c676dab1-0199-4b8e-ae45-b5b775eb133e
cdf85cab-f9e1-47c4-8311-5399b34aa01a,ce0ba0b8-925b-4059-85f1-a490b74c0bfc
cb16a44d-2937-41ca-af71-c16acc5ca332,ce76c5c2-272f-49e1-99dd-f3e853ead9a0
de7f2ffc-b5c8-4259-abb9-0b8d3bdf475e,ce76c5c2-272f-49e1-99dd-f3e853ead9a0
77297542-6df3-4fc0-9463-8ac4722b3e6d,d0ee5482-b611-4796-8a32-f867187860e1
18b1bc8e-f7d2-4df3-ac29-a5db15a885ef,d8498c98-9bda-4361-b109-0d31ca148281
15ddab68-33a2-435f-9e12-0bf847ea2205,dda8d760-f89a-4c1a-a4bc-bb95fefa909a
7565afcb-547d-404d-983d-e0c67c66aef0,dda8d760-f89a-4c1a-a4bc-bb95fefa909a
95842880-4f7b-404d-9782-40d106ba5c91,e1c2c3b5-4a5d-4116-8dd2-6ea2abf473f6
fb44f69a-6371-4e40-b4da-4be87bce594e,e1da16ec-63b3-4dde-87b6-737f07df1649
50804a60-e2bf-4a6a-8f7c-5088c96b9359,e294f8f5-b62b-477f-9054-c0657ca64607
9cf0df92-9664-4aba-b1a3-50f3464ced91,e294f8f5-b62b-477f-9054-c0657ca64607
c83833f9-1ef7-4a0a-9e77-b7cf71f3ddf0,e294f8f5-b62b-477f-9054-c0657ca64607
211c386b-e52b-48ed-b509-4edff70687df,e38177f8-b939-4ae8-b6a9-c084a3a729f6
781854c7-0a93-4b91-8f32-e11f2621f32f,e38177f8-b939-4ae8-b6a9-c084a3a729f6
d2f83190-0314-4998-9e5f-a3531702fffe,e38177f8-b939-4ae8-b6a9-c084a3a729f6
b33dc0fd-cd8d-4c0c-b5c7-45cc2d930947,e7ea82ea-b002-4851-96cc-72394afb8d72
26bf461e-8f70-4307-bb09-e67d651e9b1e,efee7103-5100-4b55-a997-f60ab3d1b388
9aa5f276-9544-4c6d-9c36-7d1004121270,efee7103-5100-4b55-a997-f60ab3d1b388
32f644ce-bdef-4ad8-9857-aab1927b07f7,f1f91236-b56f-48ea-b753-48e7d8ead799
39cac383-d454-4dca-be58-43d0868c05f2,f1f91236-b56f-48ea-b753-48e7d8ead799
cb16a44d-2937-41ca-af71-c16acc5ca332,f4373a75-e737-434c-ba08-8c5b6cfec194
bfcf67a1-1066-449a-84d4-0750e4ab31c3,f4ea3b69-04bd-4225-8b88-3f585c818b56
5f855a7d-b5ea-43bb-80b4-1e91000e81a8,f62f4903-e00e-4cb1-b1f7-871309fcf97b
8f624f8b-0383-481f-9b5f-9e942e05f5be,f62f4903-e00e-4cb1-b1f7-871309fcf97b
b5048cc7-0aaf-4af6-bba2-f08514213987,f62f4903-e00e-4cb1-b1f7-871309fcf97b
aef105f0-a041-437f-8647-1cade8dd24ec,f883ded6-495d-48f7-b893-63f250d6f342
e3231290-64c1-4950-821f-552b58f64257,f9b0a6ca-91e0-4628-9cb9-22ad7c306c19
208573d3-7be7-4e38-947d-bef537dca8e3,fce837bd-1865-4312-8ffb-c0809ff29303
74f85f4e-6c94-4c35-b020-a78d5fd0bccb,fce837bd-1865-4312-8ffb-c0809ff29303
44cd0a7e-8e4b-40b3-a889-5f8cfed3a4f9,fd02afde-fd4c-440c-9edd-962cb32159cf
c1eea5c2-d271-4aab-a3fe-908fa7fc94b3,fd02afde-fd4c-440c-9edd-962cb32159cf
74f85f4e-6c94-4c35-b020-a78d5fd0bccb,fd2fd3e7-f0b8-4821-b2b7-f85c7e477e7a
1ed118f7-e3ba-4417-b341-2da2bee4f809,feb4d0be-7006-4374-9f11-0a17df7425bb
